﻿<?xml version="1.0" encoding="utf-8"?><meta xmlns:xsi="http://www.w3.org/2001/XMLSchema-instance" xmlns:xsd="http://www.w3.org/2001/XMLSchema"><project id="65dqy7dbHi7" courseid="5iHFKsCvwZb_course_id" thumburl="story_content/thumbnail.jpg" title="VEGETATIF PADA TUMBUHAN " datepublished="2024-09-28T07:42:53" version="1.0.0.0" flashdata="story_content/data.swf" html5data="mobile/data.json" mobiledata="mobile/data.gz" enabledownload="false" duration="About 23 minutes" totalaudio="676576" totalvideo="11633"><description>UNTUK SISWA KELAS IX </description><keywords /><slidemeta moniker="slide" monikerplural="slides" viewslides="12" slidecountdescription="12 slides" /><author name="asus" email="" website="" /><application name="Articulate Storyline" version="3.12.24693.0" xmlversion="4.0" /></project></meta>